onset	duration	speech
72.422	0.30100000000000016	1
72.723	0.39899999999999997	1
73.122	0.18100000000000005	1
73.782	0.13100000000000026	1
73.913	0.33999999999999986	1
74.253	0.39000000000000057	1
74.643	1.7399999999999984	1
76.383	0.23000000000000045	1
76.68299999999999	0.22000000000000064	1
76.90299999999999	0.35999999999999943	1
77.263	0.9399999999999996	1
80.593	0.07000000000000027	1
80.663	0.4800000000000004	1
81.143	0.4899999999999984	1
81.633	0.23000000000000045	1
81.863	0.5899999999999999	1
82.453	0.10000000000000142	1
82.553	0.09999999999999787	1
82.65299999999999	0.3500000000000014	1
83.003	0.6000000000000014	1
83.693	0.11999999999999746	1
83.813	0.14000000000000054	1
84.103	0.14999999999999858	1
84.353	0.13999999999999702	1
84.633	0.4000000000000021	1
86.998	0.2389999999999972	1
87.237	0.3610000000000007	1
88.628	0.129999999999999	1
88.75800000000001	0.3100000000000023	1
89.068	0.5	1
89.568	0.6600000000000001	1
90.678	0.14000000000000054	1
94.033	0.0799999999999983	1
94.113	0.33999999999999986	1
94.453	0.10000000000000142	1
94.602	0.16000000000000014	1
94.762	0.3999999999999986	1
95.162	0.11100000000000064	1
95.273	0.9600000000000009	1
96.343	0.629999999999999	1
97.028	0.17999999999999972	1
97.208	0.060000000000002274	1
97.268	0.05999999999999873	1
97.328	0.29900000000000304	1
97.627	0.0899999999999963	1
97.768	1.2699999999999958	1
101.233	0.029000000000003467	1
101.262	0.3310000000000031	1
101.593	0.75	1
102.343	0.1699999999999946	1
102.513	0.20000000000000284	1
102.713	0.25	1
103.423	0.4099999999999966	1
103.833	0.030000000000001137	1
103.863	0.38000000000000256	1
108.253	0.18999999999999773	1
109.88300000000001	0.1699999999999946	1
113.053	0.38000000000000256	1
190.753	0.230000000000004	1
190.983	0.25900000000000034	1
191.24200000000002	0.14099999999999113	1
191.38299999999998	0.30000000000001137	1
191.683	0.04899999999999238	1
191.73200000000003	0.4710000000000037	1
192.223	0.2600000000000051	1
192.483	0.28000000000000114	1
194.493	0.09000000000000341	1
194.583	1.0999999999999943	1
195.683	0.6100000000000136	1
196.382	0.5109999999999957	1
196.893	0.6800000000000068	1
198.07299999999998	0.13999999999998636	1
198.213	0.3790000000000191	1
198.592	0.6209999999999809	1
199.213	0.12999999999999545	1
199.343	0.6400000000000148	1
199.983	0.15000000000000568	1
200.13299999999998	0.6199999999999761	1
200.753	0.410000000000025	1
201.553	1.009999999999991	1
203.838	0.14000000000001478	1
203.97799999999998	0.5889999999999986	1
204.567	0.1209999999999809	1
204.688	0.2400000000000091	1
204.928	0.4099999999999966	1
205.338	0.12999999999999545	1
205.468	0.6200000000000045	1
207.273	0.09000000000000341	1
207.852	0.42099999999999227	1
208.363	0.5389999999999873	1
208.90200000000002	1.5410000000000252	1
210.44299999999998	0.1799999999999784	1
210.623	0.4699999999999989	1
211.093	1.0400000000000205	1
212.433	0.2600000000000193	1
212.69299999999998	0.13999999999998636	1
214.018	0.18999999999999773	1
214.208	0.6800000000000068	1
214.888	0.09999999999999433	1
215.128	0.2300000000000182	1
216.623	0.18900000000002135	1
216.812	0.36099999999999	1
217.173	0.5790000000000077	1
217.752	0.14099999999999113	1
217.893	0.060000000000002274	1
217.953	0.549999999999983	1
218.503	0.16000000000002498	1
218.66299999999998	0.5300000000000011	1
219.19299999999998	0.9389999999999928	1
220.188	0.0800000000000125	1
220.268	0.06999999999999318	1
220.338	0.09999999999999433	1
220.438	0.7290000000000134	1
221.167	0.12100000000000932	1
221.28799999999998	0.7889999999999873	1
223.16299999999998	0.22999999999998974	1
223.393	0.18999999999999773	1
223.583	0.2599999999999909	1
223.843	0.3200000000000216	1
224.16299999999998	0.7099999999999795	1
224.953	0.13999999999998636	1
225.093	0.2300000000000182	1
225.32299999999998	0.4399999999999977	1
249.373	0.12999999999999545	1
249.503	0.19900000000001228	1
249.702	0.4910000000000138	1
250.19299999999998	0.09999999999999433	1
250.293	0.20999999999997954	1
250.503	0.3690000000000282	1
251.833	0.2599999999999909	1
252.093	0.4399999999999977	1
253.47299999999998	0.18999999999999773	1
253.66299999999998	0.4099999999999966	1
254.07299999999998	0.060000000000002274	1
254.13299999999998	0.11999999999997613	1
254.56799999999998	0.5	1
255.998	0.3400000000000034	1
256.33799999999997	0.45000000000001705	1
256.788	0.3299999999999841	1
257.118	0.6299999999999955	1
257.748	0.15000000000000568	1
257.898	0.37000000000000455	1
258.26800000000003	0.12999999999999545	1
258.398	0.06999999999999318	1
258.46799999999996	0.460000000000008	1
259.59799999999996	0.1699999999999875	1
259.76800000000003	0.13999999999998636	1
259.908	0.44000000000002615	1
260.34799999999996	0.02999999999997272	1
260.378	0.6500000000000057	1
261.823	0.10999999999998522	1
261.933	1.0500000000000114	1
262.983	0.4099999999999966	1
263.503	0.3100000000000023	1
263.813	0.060000000000002274	1
263.873	0.3400000000000034	1
264.21299999999997	0.4399999999999977	1
264.653	0.15000000000000568	1
264.803	0.44999999999998863	1
265.898	0.0800000000000125	1
265.97799999999995	0.5799999999999841	1
266.558	0.5889999999999986	1
267.14700000000005	0.15100000000001046	1
267.298	0.15000000000000568	1
267.448	0.4000000000000057	1
267.84799999999996	0.09999999999999433	1
267.948	0.6599999999999966	1
270.953	0.12999999999999545	1
271.08299999999997	0.060000000000002274	1
271.14300000000003	0.7889999999999873	1
271.932	0.3710000000000093	1
280.90200000000004	0.14100000000001955	1
281.043	0.07999999999998407	1
281.123	0.2300000000000182	1
281.35299999999995	0.2599999999999909	1
281.613	0.37000000000000455	1
281.983	0.06999999999999318	1
282.053	0.27000000000001023	1
282.323	0.2399999999999807	1
282.563	0.17000000000001592	1
282.733	0.2699999999999818	1
283.003	0.0700000000000216	1
283.08299999999997	0.25	1
283.35299999999995	0.8199999999999932	1
285.178	0.4000000000000057	1
285.578	0.10999999999998522	1
285.808	0.21999999999999886	1
288.313	0.09000000000000341	1
288.403	0.09000000000000341	1
288.493	0.7990000000000066	1
289.883	0.539999999999992	1
290.423	0.30000000000001137	1
290.72299999999996	0.7899999999999922	1
294.043	0.12999999999999545	1
294.173	0.9300000000000068	1
295.202	0.06100000000000705	1
295.26300000000003	0.4290000000000021	1
298.01300000000003	0.6889999999999928	1
298.783	0.09000000000000341	1
298.913	0.6399999999999864	1
299.60299999999995	0.25	1
300.84299999999996	0.5800000000000125	1
301.423	0.1699999999999875	1
301.59299999999996	1.0	1
302.59299999999996	0.4200000000000159	1
303.01300000000003	0.4300000000000068	1
303.58799999999997	0.12999999999999545	1
303.71799999999996	0.09000000000000341	1
303.808	0.4399999999999977	1
304.248	0.2400000000000091	1
304.488	0.7100000000000078	1
307.913	0.06999999999999318	1
307.983	0.4000000000000057	1
308.492	0.28000000000000114	1
308.77200000000005	0.22100000000000364	1
308.993	0.6100000000000136	1
309.613	0.030000000000001137	1
309.703	0.6500000000000057	1
310.35299999999995	0.06999999999999318	1
310.423	0.030000000000001137	1
310.453	1.7199999999999989	1
312.22799999999995	0.028999999999996362	1
312.257	0.7409999999999854	1
312.998	0.07900000000000773	1
313.077	0.09999999999999433	1
313.177	1.0409999999999968	1
314.63800000000003	0.4590000000000032	1
315.097	0.650999999999982	1
345.093	0.37999999999999545	1
345.473	0.2699999999999818	1
345.743	0.17000000000001592	1
345.913	0.4490000000000123	1
346.413	0.07999999999998407	1
346.493	0.16000000000002498	1
346.653	0.4199999999999591	1
369.553	1.1200000000000043	1
382.633	0.1400000000000432	1
392.427	0.32099999999996953	1
405.913	0.0999999999999659	1
406.01300000000003	0.060000000000002274	1
406.713	0.1589999999999918	1
406.87199999999996	0.16100000000000134	1
407.033	0.18999999999999773	1
407.223	0.75	1
408.353	0.21999999999997044	1
408.62800000000004	0.3300000000000409	1
408.958	0.8089999999999691	1
410.398	0.3199999999999932	1
410.93300000000005	0.09000000000003182	1
411.023	0.07999999999998407	1
411.103	0.20999999999997954	1
411.652	0.17099999999999227	1
411.82300000000004	0.16900000000003956	1
412.043	0.18900000000002135	1
412.23199999999997	0.3909999999999627	1
413.273	0.3899999999999864	1
413.733	0.08999999999997499	1
413.82300000000004	0.2100000000000364	1
414.033	0.07999999999998407	1
414.11300000000006	0.3290000000000077	1
414.44199999999995	0.40999999999996817	1
414.88199999999995	0.3109999999999786	1
415.19300000000004	0.37999999999999545	1
415.57300000000004	0.6100000000000136	1
416.18300000000005	0.35000000000002274	1
416.533	0.2699999999999818	1
416.80300000000005	0.25	1
417.05300000000005	0.19999999999998866	1
417.653	0.0999999999999659	1
417.85699999999997	0.03099999999994907	1
417.88800000000003	0.060000000000002274	1
417.94800000000004	0.3300000000000409	1
418.278	0.12899999999996226	1
418.708	0.18999999999999773	1
418.898	0.02999999999997272	1
418.92800000000005	0.13999999999998636	1
419.06800000000004	0.06999999999999318	1
419.13800000000003	0.17000000000001592	1
419.30800000000005	0.1589999999999918	1
419.467	0.21100000000001276	1
419.67800000000005	0.2900000000000205	1
419.968	0.6099999999999568	1
420.668	1.1089999999999804	1
421.87300000000005	0.060000000000002274	1
421.93300000000005	0.10000000000002274	1
422.033	0.08999999999997499	1
422.12300000000005	0.07999999999998407	1
422.20300000000003	0.32000000000004997	1
422.523	0.0999999999999659	1
422.62300000000005	0.37000000000000455	1
424.648	0.18899999999996453	1
424.837	0.271000000000015	1
425.108	0.07999999999998407	1
425.18800000000005	0.44999999999998863	1
427.233	0.19999999999998866	1
427.43300000000005	0.10000000000002274	1
427.583	0.2999999999999545	1
427.99300000000005	0.2300000000000182	1
428.223	0.4599999999999795	1
428.70300000000003	0.3900000000000432	1
429.093	0.2599999999999909	1
429.353	0.12000000000000455	1
429.473	0.9599999999999796	1
430.63800000000003	0.05000000000001137	1
430.68800000000005	0.2599999999999909	1
431.01800000000003	0.35000000000002274	1
431.658	0.19999999999998866	1
431.858	0.05000000000001137	1
431.908	0.14999999999997726	1
432.05800000000005	0.12999999999999545	1
432.18800000000005	0.09899999999998954	1
432.287	0.0910000000000082	1
432.37800000000004	0.410000000000025	1
432.94800000000004	0.06999999999999318	1
433.01800000000003	0.5090000000000146	1
433.56800000000004	0.2189999999999941	1
433.787	0.18100000000004	1
433.968	0.2299999999999613	1
434.19800000000004	0.16900000000003956	1
434.36699999999996	0.4900000000000091	1
434.908	0.13999999999998636	1
435.048	0.5400000000000205	1
437.62300000000005	0.5199999999999818	1
438.14300000000003	0.20000000000004547	1
438.343	0.3290000000000077	1
439.413	0.2389999999999759	1
439.792	0.3410000000000082	1
440.75300000000004	0.3100000000000023	1
441.06300000000005	0.17000000000001592	1
441.233	0.18999999999999773	1
441.423	0.339999999999975	1
445.102	0.05100000000004457	1
445.153	0.02999999999997272	1
445.69300000000004	0.3900000000000432	1
446.083	0.1589999999999918	1
446.24199999999996	0.1809999999999832	1
446.423	0.6100000000000136	1
448.218	0.0999999999999659	1
448.31800000000004	0.4000000000000341	1
450.43800000000005	0.8199999999999932	1
452.147	0.3910000000000196	1
452.773	0.0999999999999659	1
452.923	0.35899999999998045	1
453.282	0.3310000000000173	1
453.61300000000006	0.2599999999999909	1
454.25199999999995	0.0910000000000082	1
455.083	0.0999999999999659	1
455.18300000000005	0.13999999999998636	1
455.32300000000004	0.2100000000000364	1
455.588	0.06999999999999318	1
455.908	0.07999999999998407	1
455.98800000000006	0.4590000000000032	1
458.713	0.12999999999999545	1
460.11199999999997	0.3509999999999991	1
461.233	0.4300000000000068	1
461.713	0.0999999999999659	1
461.81300000000005	0.11000000000001364	1
461.923	0.12000000000000455	1
462.043	0.08999999999997499	1
462.13300000000004	0.17900000000003047	1
462.31199999999995	0.1809999999999832	1
462.49300000000005	0.34899999999998954	1
467.353	0.0999999999999659	1
467.45300000000003	0.1500000000000341	1
467.603	0.1589999999999918	1
467.76199999999994	0.3809999999999718	1
468.14300000000003	1.25	1
469.523	0.1099999999999568	1
470.458	0.4599999999999795	1
475.07300000000004	0.12999999999999545	1
475.20300000000003	0.22000000000002728	1
476.913	0.028999999999996362	1
476.94199999999995	0.19099999999997408	1
477.13300000000004	0.34000000000003183	1
477.473	0.4300000000000068	1
477.903	0.1589999999999918	1
523.5530000000001	0.4800000000000182	1
524.443	0.08899999999999864	1
524.5319999999999	0.6500000000000341	1
525.182	0.2699999999999818	1
525.452	0.21100000000001276	1
525.663	0.060000000000002274	1
525.723	0.18000000000000682	1
525.903	0.03999999999996362	1
525.943	0.2599999999999909	1
526.203	0.5300000000000296	1
526.733	0.589999999999975	1
527.3530000000001	0.5	1
527.908	0.07999999999998407	1
527.988	0.12000000000000455	1
528.108	0.060000000000002274	1
528.168	0.12999999999999545	1
528.298	0.13999999999998636	1
528.4380000000001	1.2200000000000273	1
529.713	0.75	1
530.463	0.10899999999998043	1
530.5719999999999	0.1809999999999832	1
530.753	0.3199999999999932	1
531.0730000000001	0.20000000000004547	1
531.273	0.09899999999998954	1
531.372	0.21999999999997044	1
531.592	0.19100000000003087	1
531.783	0.2699999999999818	1
532.0530000000001	0.17000000000001592	1
532.223	1.0699999999999932	1
533.768	0.26900000000000546	1
534.037	0.10099999999999908	1
534.138	0.09000000000003182	1
534.2280000000001	0.13999999999998636	1
534.368	0.17000000000001592	1
534.538	0.37999999999999545	1
534.918	0.11000000000001364	1
535.028	0.3199999999999932	1
535.348	0.06999999999999318	1
535.418	0.5999999999999659	1
536.0730000000001	1.4090000000000489	1
537.482	0.33099999999996044	1
537.8130000000001	0.030000000000029562	1
537.8430000000001	0.2799999999999727	1
538.123	0.5	1
538.623	0.2900000000000205	1
538.913	0.2599999999999909	1
539.173	0.08999999999997499	1
539.263	0.16000000000002498	1
539.423	0.339999999999975	1
539.763	0.10000000000002274	1
539.863	0.2900000000000205	1
540.153	0.13999999999998636	1
540.293	0.3100000000000023	1
540.6030000000001	0.3299999999999841	1
540.988	0.14999999999997726	1
541.138	0.2400000000000091	1
541.707	0.4399999999999977	1
542.1469999999999	0.07100000000002638	1
542.2180000000001	0.13999999999998636	1
542.358	0.5389999999999873	1
543.278	0.12000000000000455	1
543.398	0.2999999999999545	1
543.6980000000001	0.1500000000000341	1
543.848	0.08999999999997499	1
543.9380000000001	0.3199999999999932	1
544.258	0.08000000000004093	1
544.378	0.36000000000001364	1
545.538	0.2599999999999909	1
545.798	0.21999999999997044	1
546.018	0.030000000000029562	1
546.048	0.3299999999999841	1
546.378	0.2889999999999873	1
546.6669999999999	0.9010000000000103	1
547.568	0.05000000000001137	1
547.618	0.37999999999999545	1
547.998	0.25	1
548.268	0.30000000000001137	1
549.3130000000001	0.2300000000000182	1
549.543	0.08999999999997499	1
549.633	0.2590000000000145	1
549.892	0.36000000000001364	1
550.252	0.1309999999999718	1
550.383	0.2599999999999909	1
550.643	0.030000000000029562	1
550.673	0.6100000000000136	1
551.283	0.06999999999999318	1
551.3530000000001	0.20999999999997954	1
551.5630000000001	1.6500000000000343	1
553.4380000000001	0.030000000000029562	1
553.4680000000001	0.3100000000000023	1
553.818	0.17900000000003047	1
554.8230000000001	0.12000000000000455	1
554.943	0.16000000000002498	1
555.1030000000001	0.4689999999999941	1
555.5719999999999	0.04099999999999682	1
555.613	0.3199999999999932	1
555.933	0.12999999999999545	1
556.0630000000001	0.12999999999999545	1
556.193	0.11000000000001364	1
556.3030000000001	0.2300000000000182	1
557.988	0.08999999999997499	1
558.078	0.08000000000004093	1
558.158	0.9399999999999976	1
560.0830000000001	0.12999999999999545	1
560.213	0.06899999999995997	1
560.2819999999999	0.2410000000000423	1
560.523	1.0699999999999932	1
561.763	0.060000000000002274	1
561.8230000000001	0.6700000000000159	1
583.113	0.4199999999999591	1
585.303	0.3300000000000409	1
585.9630000000001	0.10000000000002274	1
586.173	0.05999999999994542	1
586.4019999999999	0.09999999999990904	1
586.502	0.14000000000010004	1
586.6419999999999	0.03099999999994907	1
586.673	0.09900000000004637	1
586.7719999999999	0.09999999999990904	1
586.872	0.36099999999999	1
587.5419999999999	0.3210000000000264	1
589.797	0.07100000000002638	1
589.868	0.31999999999993634	1
590.188	0.2300000000000182	1
590.418	0.2599999999999909	1
590.678	0.9099999999999682	1
591.5880000000001	0.09000000000003182	1
591.678	0.22000000000002728	1
591.948	0.12999999999999545	1
592.078	0.09000000000003182	1
592.168	0.05999999999994542	1
592.2280000000001	0.0300000000000864	1
592.258	0.4399999999999409	1
595.198	0.14999999999997726	1
595.3480000000001	0.2100000000000364	1
595.558	0.18000000000006364	1
596.4730000000001	0.36000000000001364	1
596.8330000000001	0.41000000000008185	1
597.243	0.07999999999992724	1
597.323	0.15999999999996814	1
597.4830000000001	0.11000000000001364	1
597.5930000000001	0.22000000000002728	1
597.813	0.20000000000004547	1
598.013	0.6399999999999864	1
599.568	0.12999999999999545	1
599.698	0.7100000000000364	1
600.408	0.11000000000001364	1
601.2180000000001	0.20000000000004547	1
601.418	0.22000000000002728	1
601.638	0.2999999999999545	1
602.033	0.12999999999999545	1
602.163	0.05999999999994542	1
602.2230000000001	0.4990000000000237	1
602.722	0.1410000000000764	1
602.863	0.30999999999994543	1
603.173	0.16999999999995907	1
603.3430000000001	0.20000000000004547	1
603.543	0.13999999999998636	1
603.7230000000001	0.8100000000000591	1
604.673	0.5900000000000318	1
605.3480000000001	0.25	1
605.5980000000001	0.2800000000000864	1
605.878	0.4289999999999736	1
606.307	0.06100000000003548	1
606.428	0.3899999999999864	1
606.818	0.6399999999999864	1
607.508	1.399000000000001	1
609.238	0.2599999999999909	1
609.498	0.3599999999999	1
610.972	0.20100000000002186	1
611.173	0.11000000000001364	1
611.283	0.10000000000002274	1
611.383	0.2199999999999136	1
611.6030000000001	0.07900000000006457	1
611.682	0.15099999999995362	1
611.8330000000001	0.06900000000007367	1
611.9019999999999	0.3009999999999309	1
612.203	0.2100000000000364	1
612.413	0.7999999999999545	1
613.278	0.02999999999997272	1
613.308	0.2999999999999545	1
613.6080000000001	0.2100000000000364	1
613.818	1.240000000000009	1
615.058	0.22000000000002728	1
615.278	0.09000000000003182	1
615.425	0.060000000000059124	1
615.485	0.2300000000000182	1
616.024	0.09000000000003182	1
616.885	0.57000000000005	1
617.513	0.028999999999996362	1
617.5419999999999	0.2309999999999945	1
617.773	0.05999999999994542	1
617.8330000000001	0.11000000000001364	1
617.943	0.05000000000006821	1
617.993	0.05999999999994542	1
618.053	0.10000000000002274	1
618.153	0.18899999999996453	1
619.633	0.08999999999991815	1
619.7230000000001	0.060000000000059124	1
619.783	0.2699999999999818	1
620.053	0.14999999999997726	1
620.203	0.18000000000006364	1
620.383	0.4699999999999136	1
620.8530000000001	0.1290000000000191	1
620.982	0.3410000000000082	1
621.323	0.4900000000000091	1
621.813	0.10000000000002274	1
621.913	0.5399999999999636	1
622.453	0.6399999999999864	1
624.903	0.5389999999999873	1
625.442	1.2300000000000182	1
626.672	0.0910000000000082	1
626.763	0.14999999999997726	1
626.913	0.4600000000000364	1
627.643	0.10000000000002274	1
627.743	0.18999999999994088	1
658.814	1.0510000000000446	1
659.919	0.2699999999999818	1
664.273	0.15999999999996814	1
664.433	0.22900000000004184	1
666.823	0.12999999999999545	1
666.953	0.12999999999999545	1
667.0830000000001	0.2699999999999818	1
668.043	0.2100000000000364	1
669.052	0.15099999999995362	1
669.203	0.3590000000000373	1
669.562	0.10099999999999908	1
669.683	0.20000000000004547	1
669.883	0.5799999999999272	1
670.4630000000001	0.25	1
671.3480000000001	0.20000000000004547	1
671.548	0.15999999999996814	1
672.408	0.17999999999994998	1
672.5880000000001	0.4690000000000509	1
673.057	0.11099999999999	1
673.168	0.05999999999994542	1
673.2280000000001	0.19000000000005454	1
673.418	0.09000000000003182	1
693.913	0.09000000000003182	1
694.003	0.15999999999996814	1
697.323	0.44000000000005457	1
697.763	0.18999999999994088	1
764.013	0.1999999999999318	1
768.523	0.1999999999999318	1
791.073	0.060000000000059124	1
791.133	0.1999999999999318	1
791.3330000000001	0.12000000000000455	1
791.453	0.4900000000000091	1
792.5930000000001	0.08000000000004093	1
792.673	0.30999999999994543	1
792.9830000000001	0.3190000000000737	1
793.302	0.3709999999999809	1
793.673	0.2799999999999727	1
794.883	0.37999999999999545	1
796.2280000000001	0.12999999999999545	1
796.3580000000001	0.18000000000006364	1
796.538	0.11000000000001364	1
796.648	0.5489999999999782	1
807.172	0.08100000000001728	1
807.253	0.3689999999999145	1
811.753	0.6189999999999145	1
813.043	0.4800000000000182	1
813.613	0.5899999999999181	1
814.203	0.040000000000077314	1
814.243	0.5799999999999272	1
814.823	0.09000000000003182	1
814.913	0.12999999999999545	1
815.043	0.12999999999999545	1
815.2280000000001	0.16000000000008185	1
815.388	0.4389999999999645	1
815.827	0.2400000000000091	1
816.067	0.12000000000000455	1
816.187	0.7100000000000364	1
816.953	0.060000000000059124	1
817.013	0.1999999999999318	1
817.2130000000001	0.16000000000008185	1
817.373	0.25	1
817.623	0.04899999999997817	1
818.683	0.10000000000002274	1
818.783	0.22000000000002728	1
819.003	0.05999999999994542	1
819.063	0.7699999999999818	1
820.257	0.19100000000003087	1
820.448	0.19000000000005454	1
820.638	0.3399999999999181	1
826.9730000000001	0.19000000000005454	1
827.163	0.11000000000001364	1
827.273	0.2300000000000182	1
827.503	0.3399999999999181	1
827.8430000000001	0.11000000000001364	1
827.953	0.41000000000008185	1
828.363	0.2899999999999636	1
829.063	0.44000000000005457	1
829.553	0.060000000000059124	1
829.613	0.11999999999989085	1
829.7330000000001	0.22000000000002728	1
829.953	0.060000000000059124	1
830.013	0.17999999999994998	1
830.193	0.17000000000007276	1
830.543	0.2300000000000182	1
830.773	0.32999999999992724	1
831.1030000000001	0.3690000000000282	1
831.472	0.2810000000000628	1
831.753	0.2099999999999227	1
831.9630000000001	0.5099999999999909	1
833.068	0.09000000000003182	1
833.158	0.2400000000000091	1
833.398	0.10000000000002274	1
833.6080000000001	0.5800000000000409	1
834.188	0.15999999999996814	1
834.3480000000001	0.32000000000004997	1
834.668	1.5900000000000318	1
836.308	0.10000000000002274	1
836.5880000000001	0.18000000000006364	1
836.768	0.18999999999994088	1
836.997	0.75100000000009	1
837.808	0.1290000000000191	1
837.993	0.12000000000000455	1
838.113	0.7899999999999636	1
838.903	0.13999999999998636	1
839.043	0.1190000000000282	1
839.1619999999999	0.6309999999999718	1
839.793	0.2899999999999636	1
840.0830000000001	0.14999999999997726	1
840.263	0.13999999999998636	1
840.403	0.09000000000003182	1
841.063	0.09000000000003182	1
841.153	0.11000000000001364	1
841.263	0.2099999999999227	1
841.863	0.05999999999994542	1
841.9830000000001	0.19000000000005454	1
842.173	0.12000000000000455	1
842.678	0.09000000000003182	1
843.347	0.10099999999999908	1
847.273	0.05999999999994542	1
847.3330000000001	0.07000000000005002	1
847.403	0.2999999999999545	1
851.332	0.13999999999998636	1
851.472	0.40999999999996817	1
852.8530000000001	0.1690000000000964	1
853.0219999999999	0.2009999999999081	1
853.2230000000001	0.3590000000000373	1
853.582	0.25	1
853.832	0.3210000000000264	1
854.4730000000001	0.09000000000003182	1
854.563	0.060000000000059124	1
854.623	0.5389999999999873	1
855.1619999999999	0.11099999999999	1
855.432	0.4499999999999318	1
855.9630000000001	0.6600000000000819	1
856.703	0.22000000000002728	1
856.9730000000001	0.4200000000000728	1
857.393	0.2599999999999909	1
857.653	0.18999999999994088	1
857.8430000000001	0.5300000000000864	1
876.8430000000001	0.18000000000006364	1
877.023	0.13999999999998636	1
877.163	0.3389999999999418	1
878.273	0.05999999999994542	1
878.3330000000001	0.3000000000000682	1
878.633	0.5	1
884.1419999999999	0.040999999999939966	1
884.382	0.15000000000009095	1
884.5319999999999	0.40999999999996817	1
884.942	0.3210000000000264	1
885.263	0.18899999999996453	1
885.452	0.18100000000004	1
892.273	0.16999999999995907	1
892.443	0.09000000000003182	1
892.533	0.8999999999999773	1
893.513	0.13999999999998636	1
899.2330000000001	0.34000000000003183	1
899.573	0.2799999999999727	1
899.993	0.5199999999999818	1
900.513	0.2599999999999909	1
901.842	0.30100000000004457	1
902.2330000000001	0.20000000000004547	1
902.433	0.4800000000000182	1
902.913	0.17999999999994998	1
903.0930000000001	0.060000000000059124	1
903.153	0.31999999999993634	1
904.323	0.6100000000000136	1
904.933	0.15999999999996814	1
905.0930000000001	0.12999999999999545	1
905.2230000000001	0.5	1
905.7230000000001	0.16000000000008185	1
905.883	0.18999999999994088	1
906.073	0.3100000000000591	1
906.683	0.13999999999998636	1
906.873	0.15999999999996814	1
907.033	0.09000000000003182	1
907.123	1.0699999999999363	1
908.383	0.2199999999999136	1
908.6030000000001	0.6100000000000136	1
909.953	0.10000000000002274	1
910.383	0.12000000000000455	1
910.503	0.12000000000000455	1
910.7130000000001	0.05000000000006821	1
910.8430000000001	0.060000000000059124	1
911.278	0.9399999999999408	1
912.328	0.11000000000001364	1
912.438	0.09000000000003182	1
913.408	0.2400000000000091	1
913.788	0.22000000000002728	1
915.308	0.5	1
915.808	0.10000000000002274	1
916.005	0.32000000000004997	1
917.545	0.3490000000000464	1
917.8939999999999	0.02999999999997272	1
917.924	0.1710000000000491	1
918.153	0.32999999999992724	1
919.7919999999999	1.6909999999999172	1
921.4830000000001	0.6890000000000782	1
922.4580000000001	1.009999999999991	1
923.798	0.6599999999999682	1
926.2130000000001	0.5199999999999818	1
927.2330000000001	0.028999999999996362	1
927.262	0.24100000000009916	1
927.503	0.05999999999994542	1
927.563	0.08000000000004093	1
927.643	0.31899999999996004	1
927.962	0.4710000000000037	1
932.273	0.15999999999996814	1
932.433	0.2999999999999545	1
934.0830000000001	0.7800000000000864	1
937.633	0.16999999999995907	1
937.803	0.2799999999999727	1
938.0830000000001	0.2590000000000145	1
938.342	0.19100000000003087	1
938.533	0.40999999999996817	1
939.0930000000001	1.080000000000041	1
952.2330000000001	0.5400000000000773	1
953.5830000000001	0.2789999999999964	1
953.862	0.1310000000000855	1
953.993	0.2199999999999136	1
954.2130000000001	0.19000000000005454	1
955.982	0.8410000000000082	1
956.823	0.18000000000006364	1
957.003	0.2199999999999136	1
957.2230000000001	0.10000000000002274	1
957.323	0.19000000000005454	1
957.513	0.13999999999998636	1
957.653	0.2799999999999727	1
959.328	0.5600000000000591	1
959.918	0.07000000000005002	1
959.988	0.12999999999999545	1
960.118	0.7399999999998954	1
960.913	0.08000000000004093	1
960.993	0.2999999999999545	1
961.393	0.08899999999994179	1
961.482	0.08100000000001728	1
961.563	0.4500000000000455	1
962.913	0.12000000000000455	1
963.033	0.09000000000003182	1
963.258	0.05999999999994542	1
963.318	0.15999999999996814	1
963.5880000000001	0.2599999999999909	1
963.888	0.37000000000000455	1
964.258	0.3289999999999509	1
964.587	0.5910000000000082	1
966.248	0.13999999999998636	1
966.388	0.11000000000001364	1
966.498	0.13899999999989632	1
966.637	0.5310000000000628	1
967.225	0.07999999999992724	1
967.305	0.35000000000002274	1
967.655	0.20000000000004547	1
967.855	0.36000000000001364	1
968.913	0.11000000000001364	1
969.023	0.22000000000002728	1
969.243	0.13999999999998636	1
969.383	0.02999999999997272	1
969.413	0.2899999999999636	1
969.703	0.05899999999996908	1
969.762	0.12000000000000455	1
969.882	0.10099999999999908	1
969.9830000000001	0.7400000000000091	1
972.313	0.6900000000000546	1
973.003	0.05999999999994542	1
973.148	0.028999999999996362	1
973.177	0.1209999999999809	1
973.398	0.14999999999997726	1
973.788	0.17899999999997362	1
973.967	0.24099999999998545	1
974.2080000000001	0.05000000000006821	1
974.6080000000001	0.060000000000059124	1
975.008	0.2899999999999636	1
975.3530000000001	0.2900000000000773	1
975.643	0.16999999999995907	1
975.813	0.10000000000002274	1
975.913	0.08000000000004093	1
976.953	0.2699999999999818	1
977.2230000000001	0.060000000000059124	1
977.283	0.25	1
977.533	0.05999999999994542	1
977.5930000000001	0.10000000000002274	1
977.693	0.4200000000000728	1
978.577	0.1409999999999627	1
979.2769999999999	0.09999999999990904	1
979.4069999999999	0.17099999999993545	1
979.578	0.4500000000000455	1
980.028	0.09000000000003182	1
980.4730000000001	0.028999999999996362	1
980.5830000000001	0.8490000000000464	1
981.432	0.18999999999994088	1
981.793	0.40999999999996817	1
982.783	0.15999999999996814	1
982.943	0.37000000000000455	1
983.313	0.6699999999999591	1
983.9830000000001	0.0300000000000864	1
984.013	0.11000000000001364	1
984.123	0.3399999999999181	1
984.4630000000001	0.2100000000000364	1
984.8480000000001	0.22000000000002728	1
985.068	0.2799999999999727	1
985.3480000000001	0.060000000000059124	1
985.488	0.10999999999989996	1
985.778	0.09000000000003182	1
985.948	0.05899999999996908	1
986.007	0.3310000000000173	1
986.3380000000001	0.1589999999999918	1
986.497	0.2400000000000091	1
987.818	0.18000000000006364	1
987.998	0.2400000000000091	1
989.278	0.2999999999999545	1
989.688	0.6200000000000045	1
994.413	0.17999999999994998	1
994.5930000000001	0.3090000000000828	1
995.2230000000001	0.19000000000005454	1
995.413	0.18899999999996453	1
995.602	0.1710000000000491	1
995.773	0.2899999999999636	1
996.063	0.20000000000004547	1
996.313	0.18000000000006364	1
996.823	0.2599999999999909	1
997.132	0.6210000000000946	1
997.813	0.16899999999998272	1
997.982	0.07100000000002638	1
998.3330000000001	0.2400000000000091	1
998.643	0.2599999999999909	1
998.9830000000001	0.14000000000010004	1
1000.0930000000001	0.2800000000000864	1
1000.513	0.2099999999999227	1
1000.7230000000001	0.2300000000000182	1
1059.103	0.34000000000003183	1
1059.4630000000002	0.37000000000000455	1
1060.843	0.3090000000000828	1
1061.152	0.09999999999990904	1
1061.252	0.3710000000000946	1
1061.623	0.2289999999999281	1
1061.8519999999999	0.1309999999999718	1
1061.9830000000002	0.3100000000000591	1
1062.2930000000001	0.08000000000004093	1
1062.373	0.30999999999994543	1
1062.683	0.10000000000002274	1
1062.783	0.10000000000002274	1
1062.883	0.9699999999999136	1
1064.318	1.3290000000000646	1
1065.988	0.1589999999999918	1
1066.147	0.1209999999999809	1
1066.5880000000002	0.17000000000007276	1
1066.758	0.16999999999995907	1
1066.9279999999999	0.09000000000003182	1
1067.018	0.16999999999995907	1
1068.085	0.3999999999999773	1
1068.4850000000001	0.2699999999999818	1
1068.755	0.12999999999999545	1
1068.885	0.12000000000000455	1
1069.005	0.19000000000005454	1
1069.2150000000001	0.2899999999999636	1
1069.525	0.07000000000005002	1
1069.595	0.6299999999999955	1
1070.548	0.9099999999999682	1
1071.458	0.18000000000006364	1
1071.638	0.2300000000000182	1
1083.893	0.3089999999999691	1
1088.4630000000002	0.2100000000000364	1
1095.303	0.2599999999999909	1
1100.933	0.18000000000006364	1
1105.573	0.13999999999987267	1
1105.713	0.11000000000012733	1
1105.913	0.06999999999993634	1
1105.983	0.4800000000000182	1
1106.463	0.6300000000001091	1
1107.093	0.14999999999986358	1
1107.243	0.5299999999999727	1
1107.7730000000001	0.07000000000016371	1
1107.993	0.2400000000000091	1
1108.303	0.5	1
1108.8419999999999	0.18099999999981264	1
1109.0230000000001	0.1290000000001328	1
1109.152	0.3709999999998672	1
1109.5230000000001	0.19000000000005454	1
1109.713	0.13000000000010914	1
1109.843	0.1899999999998272	1
1110.0330000000001	0.3000000000001819	1
1110.423	0.2599999999999909	1
1110.683	0.2999999999999545	1
1110.983	0.11000000000012733	1
1111.223	0.2699999999999818	1
1111.493	0.9600000000000364	1
1112.9180000000001	0.37000000000011823	1
1113.288	0.2300000000000182	1
1113.558	0.0989999999999327	1
1113.657	0.1210000000000946	1
1113.857	0.4110000000000582	1
1114.568	0.3990000000001146	1
1116.433	0.08999999999991815	1
1116.5230000000001	0.29000000000019105	1
1116.813	0.02999999999997272	1
1116.843	0.22000000000002728	1
1117.063	0.03999999999996362	1
1117.103	0.2889999999999873	1
1117.392	0.6009999999998854	1
1117.993	0.10900000000015098	1
1118.1019999999999	0.209999999999809	1
1118.312	0.3910000000000764	1
1119.493	0.7599999999999909	1
1120.308	0.028999999999996362	1
1120.337	0.1610000000000582	1
1120.498	0.05999999999994542	1
1120.558	0.2699999999999818	1
1120.828	0.20900000000006005	1
1123.1580000000001	0.03000000000020009	1
1123.288	0.17000000000007276	1
1123.458	0.30999999999994543	1
1123.768	0.31899999999996004	1
1124.993	0.12000000000011825	1
1125.113	0.08999999999991815	1
1125.203	0.05999999999994542	1
1125.263	0.02999999999997272	1
1125.2930000000001	0.30900000000019645	1
1125.6019999999999	0.32999999999992724	1
1125.932	0.0909999999998945	1
1126.0230000000001	0.3890000000001237	1
1128.7830000000001	0.03000000000020009	1
1129.053	0.8899999999998727	1
1141.708	1.4800000000000182	1
1155.473	0.3289999999999509	1
1155.802	0.44000000000005457	1
1156.5330000000001	0.15000000000009095	1
1156.753	0.19000000000005454	1
1156.943	0.2300000000000182	1
1157.173	0.08999999999991815	1
1157.263	0.19000000000005454	1
1157.453	0.3500000000001364	1
1158.498	0.25	1
1158.897	0.4809999999999946	1
1159.528	0.2599999999999909	1
1160.048	0.41000000000008185	1
1160.978	0.11899999999991452	1
1161.097	0.13000000000010914	1
1161.2269999999999	0.4909999999999855	1
1164.193	0.2100000000000364	1
1164.403	0.20000000000004547	1
1164.603	0.5599999999999454	1
1165.193	0.15000000000009095	1
1165.343	0.13999999999987267	1
1165.483	0.25	1
1165.7930000000001	0.41000000000008185	1
1166.748	0.13999999999987267	1
1166.888	0.4200000000000728	1
1167.308	0.06999999999993634	1
1167.437	0.1210000000000946	1
1167.558	0.09999999999990904	1
1167.6580000000001	0.12000000000011825	1
1167.778	0.4500000000000455	1
1168.728	0.05999999999994542	1
1168.788	0.05999999999994542	1
1168.848	0.2799999999999727	1
1169.128	0.5990000000001601	1
1170.548	0.028999999999996362	1
1170.577	0.6010000000001128	1
1172.443	0.07999999999992724	1
1172.613	0.2799999999999727	1
1172.893	0.12999999999988174	1
1173.0230000000001	0.21900000000005093	1
1173.242	0.11100000000010367	1
1173.393	0.14999999999986358	1
1173.633	0.22000000000002728	1
1174.483	0.5800000000001546	1
1175.2930000000001	0.40000000000009095	1
1175.693	0.2100000000000364	1
1175.903	0.06999999999993634	1
1176.028	0.028999999999996362	1
1176.057	0.24099999999998545	1
1177.007	0.2809999999999491	1
1177.288	0.2300000000000182	1
1178.358	0.14000000000010004	1
1178.498	0.20000000000004547	1
1178.7930000000001	0.8900000000000999	1
1179.683	0.17000000000007276	1
1179.973	0.1690000000000964	1
1180.142	0.3509999999998854	1
1180.493	0.2400000000000091	1
1180.733	0.19000000000005454	1
1181.103	0.4199999999998454	1
1181.823	0.2199999999997999	1
1182.0430000000001	0.07000000000016371	1
1182.2730000000001	0.5099999999999909	1
1183.348	0.3800000000001091	1
1184.663	0.8399999999999181	1
1185.503	0.2100000000000364	1
1185.713	0.13000000000010914	1
1185.843	0.25	1
1186.093	0.19899999999984172	1
1186.292	0.10100000000011278	1
1186.393	0.2599999999999909	1
1187.853	0.4199999999998454	1
1188.2730000000001	0.7699999999999818	1
1189.0430000000001	0.37000000000011823	1
1189.413	0.14000000000010004	1
1189.553	0.06999999999993634	1
1189.623	0.2300000000000182	1
1189.853	0.2699999999999818	1
1190.123	0.25	1
1190.373	0.20000000000004547	1
1190.628	0.2400000000000091	1
1190.868	0.07000000000016371	1
1190.938	0.29899999999997817	1
1191.237	0.3209999999999127	1
1191.558	0.19000000000005454	1
1191.748	0.2889999999999873	1
1193.018	0.3899999999998727	1
1193.617	0.21100000000001276	1
1194.297	0.1610000000000582	1
1194.513	0.6800000000000637	1
1195.983	0.5599999999999454	1
1196.5430000000001	0.2800000000002001	1
1196.823	0.12999999999988174	1
1196.953	0.2599999999999909	1
1198.693	0.07999999999992724	1
1198.7730000000001	0.12000000000011825	1
1198.893	0.7000000000000455	1
1203.613	0.4199999999998454	1
1204.0330000000001	0.2300000000000182	1
1204.263	0.0600000000001728	1
1204.323	0.209999999999809	1
1204.5330000000001	0.17000000000007276	1
1204.703	0.32999999999992724	1
1205.0330000000001	0.25	1
1205.2830000000001	0.13000000000010914	1
1205.413	0.6700000000000728	1
1206.203	0.10000000000013642	1
1206.373	0.4800000000000182	1
1206.853	0.14999999999986358	1
1207.212	0.1610000000000582	1
1207.373	0.31999999999993634	1
1208.163	0.41000000000008185	1
1208.573	0.1999999999998181	1
1208.7730000000001	0.25	1
1209.0230000000001	0.20000000000004547	1
1209.223	0.08000000000015461	1
1209.303	0.2899999999999636	1
1210.753	0.3400000000001455	1
1211.318	0.13000000000010914	1
1211.588	0.18000000000006364	1
1211.768	0.7789999999999964	1
1214.473	0.028999999999996362	1
1214.502	0.3710000000000946	1
1214.873	0.20900000000006005	1
1215.123	0.4500000000000455	1
1217.358	0.12000000000011825	1
1217.478	0.31899999999996004	1
1217.817	0.07099999999991269	1
1217.888	0.3600000000001273	1
1226.473	0.18000000000006364	1
1226.653	0.08999999999991815	1
1226.743	0.6100000000001273	1
1227.353	0.14999999999986358	1
1227.5230000000001	0.2699999999999818	1
1229.863	0.05999999999994542	1
1229.923	0.19000000000005454	1
1230.113	0.14899999999988722	1
1230.262	0.30100000000015825	1
1230.563	0.25	1
1230.813	0.1899999999998272	1
1231.003	0.20000000000004547	1
1231.9080000000001	0.16000000000008185	1
1232.068	0.40000000000009095	1
1232.538	0.37999999999988177	1
1232.9180000000001	0.10000000000013642	1
1233.018	0.3089999999999691	1
1233.327	0.0909999999998945	1
1233.4180000000001	0.3200000000001637	1
1233.738	0.19000000000005454	1
1234.508	0.4099999999998545	1
1235.733	0.09000000000014552	1
1235.823	0.1799999999998363	1
1236.003	0.11000000000012733	1
1236.113	0.44000000000005457	1
1236.553	0.2999999999999545	1
1236.853	0.1799999999998363	1
1237.0330000000001	0.20000000000004547	1
1237.233	0.44000000000005457	1
1237.673	0.17000000000007276	1
1237.983	0.8300000000001546	1
1241.0330000000001	0.09000000000014552	1
1241.123	0.02999999999997272	1
1241.153	0.11999999999989085	1
1241.2730000000001	0.8000000000001819	1
1242.828	0.10000000000013642	1
1242.928	0.15999999999985448	1
1243.088	0.5989999999999327	1
1244.553	0.05999999999994542	1
1244.613	0.2100000000000364	1
1244.823	0.12999999999988174	1
1244.953	0.22000000000002728	1
1245.173	0.11999999999989085	1
1245.2930000000001	0.19000000000005454	1
1245.483	0.25	1
1245.733	0.2899999999999636	1
1246.0230000000001	0.5199999999999818	1
1247.508	0.22000000000002728	1
1247.728	0.14999999999986358	1
1247.878	0.19000000000005454	1
1248.608	0.09000000000014552	1
1248.753	0.20000000000004547	1
1249.572	0.4610000000000127	1
1250.0330000000001	0.5500000000001819	1
1250.583	0.25	1
1250.893	0.31999999999993634	1
1251.213	0.5699999999999363	1
1251.7830000000001	0.3500000000001364	1
1252.133	0.5699999999999363	1
1252.703	1.1500000000000907	1
1253.9080000000001	0.12000000000011825	1
1254.028	0.03999999999996362	1
1254.068	0.05999999999994542	1
1254.128	0.0600000000001728	1
1254.188	0.2799999999999727	1
1254.468	0.2789999999999964	1
1256.088	0.7400000000000091	1
1256.828	0.7200000000000273	1
1258.357	0.25099999999997635	1
1258.608	0.07899999999995089	1
1258.687	0.4010000000000673	1
1259.088	0.07999999999992724	1
1259.1680000000001	0.08900000000016918	1
1259.257	0.2599999999999909	1
1259.517	0.13099999999985812	1
1259.6480000000001	0.5300000000002001	1
1260.337	0.6210000000000946	1
1260.958	0.10999999999989996	1
1261.068	0.18900000000007824	1
1261.257	0.2309999999999945	1
1261.488	0.4299999999998363	1
1263.0330000000001	0.2300000000000182	1
1263.263	0.18000000000006364	1
1263.443	0.05999999999994542	1
1263.503	0.7200000000000273	1
1264.223	0.18000000000006364	1
1264.403	0.20000000000004547	1
1264.603	0.3089999999999691	1
1264.912	0.3209999999999127	1
1265.233	0.3900000000001	1
1265.673	0.4800000000000182	1
1266.153	0.34999999999990905	1
1270.0330000000001	0.07000000000016371	1
1270.103	0.05999999999994542	1
1270.163	0.08999999999991815	1
1270.253	0.2300000000000182	1
1270.483	0.70900000000006	1
1273.263	0.4200000000000728	1
1273.683	0.4900000000000091	1
1274.173	0.18000000000006364	1
1274.353	0.3599999999999	1
1274.743	0.5399999999999636	1
1275.2830000000001	0.3500000000001364	1
1275.633	0.2699999999999818	1
1276.308	0.2400000000000091	1
1277.633	0.9200000000000728	1
1278.553	0.4089999999998781	1
1279.013	0.2300000000000182	1
1279.243	0.0600000000001728	1
1279.303	0.14899999999988722	1
1279.452	0.1310000000000855	1
1279.953	0.3399999999999181	1
1280.348	0.05999999999994542	1
1280.4080000000001	0.09000000000014552	1
1280.498	0.05999999999994542	1
1280.558	0.5299999999999727	1
1281.088	0.4700000000000273	1
1281.558	0.2400000000000091	1
1281.848	0.5199999999999818	1
1283.073	0.1899999999998272	1
1283.5230000000001	0.5090000000000146	1
1284.032	0.1310000000000855	1
1284.263	0.8600000000001273	1
1285.233	0.5	1
1285.733	0.19000000000005454	1
1285.923	0.30999999999994543	1
1286.303	0.1699999999998454	1
1286.948	0.14999999999986358	1
1287.098	0.09000000000014552	1
1287.188	0.5699999999999363	1
1287.948	0.31999999999993634	1
1288.268	0.2599999999999909	1
1288.6680000000001	0.37000000000011823	1
1289.473	0.44000000000005457	1
1289.913	0.08999999999991815	1
1290.003	0.09000000000014552	1
1290.093	0.1799999999998363	1
1290.2730000000001	0.05900000000019645	1
1290.3319999999999	0.39099999999984897	1
1290.723	0.7000000000000455	1
1292.413	0.18000000000006364	1
1292.593	0.2400000000000091	1
1293.008	0.13999999999987267	1
1293.1480000000001	0.07000000000016371	1
1293.218	0.1699999999998454	1
1293.388	0.09000000000014552	1
1293.478	0.3289999999999509	1
1294.883	0.10999999999989996	1
1294.993	0.5700000000001637	1
1295.563	0.2799999999999727	1
1295.843	0.09999999999990904	1
1295.943	0.02999999999997272	1
1296.402	0.4410000000000309	1
1296.993	0.2999999999999545	1
1297.2930000000001	0.3900000000001	1
1297.683	0.20000000000004547	1
1297.883	0.30999999999994543	1
1299.6580000000001	0.14000000000010004	1
1299.798	0.2400000000000091	1
1300.038	0.16000000000008185	1
1300.198	0.19899999999984172	1
1300.397	0.30100000000015825	1
1300.698	0.5499999999999545	1
1303.093	0.2400000000000091	1
1303.7830000000001	0.1790000000000873	1
1303.962	0.060999999999921777	1
1304.073	0.10999999999989996	1
1304.463	0.09000000000014552	1
1304.553	0.4399999999998272	1
1305.093	0.2899999999999636	1
1305.383	0.3489999999999327	1
1305.732	0.040999999999939966	1
1305.7730000000001	0.7000000000000455	1
1306.473	0.16000000000008185	1
1306.633	0.2100000000000364	1
1306.843	0.8599999999999001	1
1308.078	0.05999999999994542	1
1308.138	0.3800000000001091	1
1309.008	0.09999999999990904	1
1309.108	0.07000000000016371	1
1309.178	0.05999999999994542	1
1309.278	0.11899999999991452	1
1369.673	0.2100000000000364	1
1369.883	0.02999999999997272	1
1369.913	0.10999999999989996	1
1370.0230000000001	0.21900000000005093	1
1370.242	0.14000000000010004	1
1370.943	0.08999999999991815	1
1371.473	0.22000000000002728	1
1371.693	0.049999999999954525	1
1371.803	0.10999999999989996	1
1372.763	0.1290000000001328	1
1372.892	0.3609999999998763	1
1373.253	0.37000000000011823	1
1373.623	0.31999999999993634	1
1373.943	0.2799999999999727	1
1374.223	0.5499999999999545	1
1402.193	0.11000000000012733	1
1402.3029999999999	0.08999999999991815	1
1402.3929999999998	0.2100000000000364	1
1402.6029999999998	0.4800000000000182	1
1403.0829999999999	0.30999999999994543	1
1403.3929999999998	0.2400000000000091	1
1405.108	0.08000000000015461	1
1405.418	0.3400000000001455	1
1405.7579999999998	0.17899999999985994	1
1405.9370000000001	0.9610000000000128	1
1409.0729999999999	0.1799999999998363	1
1409.253	0.08000000000015461	1
1409.5620000000001	0.061000000000149164	1
1409.6229999999998	0.44000000000005457	1
1410.0629999999999	0.3599999999999	1
1411.293	0.12000000000011825	1
1411.4129999999998	0.08999999999991815	1
1411.503	0.0600000000001728	1
1411.5629999999999	0.3399999999999181	1
1412.033	0.11000000000012733	1
1412.1429999999998	0.22000000000002728	1
1412.6029999999998	0.2599999999999909	1
1413.043	0.5300000000002001	1
1413.6879999999999	0.08999999999991815	1
1413.7779999999998	0.18000000000006364	1
1413.9579999999999	0.31899999999996004	1
1414.277	0.3109999999999218	1
1414.588	0.19000000000005454	1
1414.7779999999998	0.22000000000002728	1
1415.348	0.5099999999999909	1
1415.9229999999998	0.049999999999954525	1
1415.973	0.22000000000002728	1
1416.193	0.4800000000000182	1
1416.6729999999998	0.2999999999999545	1
1416.973	0.049999999999954525	1
1417.023	0.5099999999999909	1
1417.533	0.25	1
1419.473	0.35900000000015103	1
1420.5929999999998	0.08999999999991815	1
1420.683	0.02999999999997272	1
1420.713	0.18900000000007824	1
1420.902	0.20100000000002186	1
1421.1029999999998	0.06999999999993634	1
1421.1729999999998	0.2799999999999727	1
1421.453	0.2699999999999818	1
1421.723	0.18000000000006364	1
1421.9029999999998	0.09999999999990904	1
1422.003	0.2599999999999909	1
1422.263	0.12000000000011825	1
1422.3829999999998	0.05999999999994542	1
1422.443	0.5	1
1422.943	0.08999999999991815	1
1424.858	0.2599999999999909	1
1425.118	0.1790000000000873	1
1425.297	0.2599999999999909	1
1425.557	0.1210000000000946	1
1425.6779999999999	0.4199999999998454	1
1426.098	0.2999999999999545	1
1426.398	0.3100000000001728	1
1426.7079999999999	0.209999999999809	1
1427.0279999999998	0.028999999999996362	1
1427.057	0.0909999999998945	1
1427.1779999999999	0.2599999999999909	1
1427.4379999999999	0.11999999999989085	1
1427.648	1.3200000000001637	1
1429.0279999999998	0.09999999999990904	1
1429.128	0.09000000000014552	1
1429.2679999999998	0.30999999999994543	1
1429.828	0.12000000000011825	1
1429.9479999999999	0.9889999999998054	1
1431.5379999999998	0.15000000000009095	1
1436.3129999999999	0.30999999999994543	1
1436.6229999999998	0.10999999999989996	1
1436.773	0.10000000000013642	1
1436.963	0.15000000000009095	1
1437.3329999999999	0.1089999999999236	1
1440.338	0.2699999999999818	1
1440.608	0.15000000000009095	1
1440.7579999999998	0.10999999999989996	1
1443.953	0.12000000000011825	1
1444.253	0.13000000000010914	1
1444.3829999999998	0.08999999999991815	1
1444.473	0.10000000000013642	1
1444.5729999999999	0.12999999999988174	1
1444.703	0.25	1
1444.953	0.19000000000005454	1
1445.4229999999998	0.2899999999999636	1
1446.0729999999999	0.31999999999993634	1
1446.6029999999998	0.2799999999999727	1
1447.4779999999998	0.20000000000004547	1
1447.6779999999999	0.4299999999998363	1
1448.108	0.07000000000016371	1
1448.1779999999999	0.18899999999985084	1
1448.3670000000002	0.10100000000011278	1
1448.4679999999998	0.0989999999999327	1
1448.567	0.0909999999998945	1
1448.658	0.2800000000002001	1
1448.9379999999999	0.13899999999989632	1
1449.7579999999998	0.12999999999988174	1
1450.088	0.03999999999996362	1
1451.1879999999999	0.08999999999991815	1
1451.2779999999998	0.29899999999997817	1
1451.5770000000002	0.4300000000000637	1
1452.007	0.13099999999985812	1
1452.138	0.3690000000001419	1
1452.7379999999998	0.4099999999998545	1
1453.9720000000002	0.22100000000000364	1
1454.193	0.16000000000008185	1
1454.3529999999998	0.1899999999998272	1
1454.543	0.10000000000013642	1
1454.6429999999998	0.08999999999991815	1
1454.733	0.22000000000002728	1
1454.953	0.2699999999999818	1
1455.223	0.06999999999993634	1
1455.293	0.10000000000013642	1
1455.3929999999998	0.06999999999993634	1
1455.6229999999998	0.18000000000006364	1
1456.6129999999998	0.8699999999998909	1
1463.3929999999998	0.20000000000004547	1
1463.5929999999998	0.12999999999988174	1
1463.723	0.12000000000011825	1
1463.9820000000002	0.1510000000000673	1
1465.2879999999998	0.11999999999989085	1
1465.408	0.20000000000004547	1
1473.4229999999998	0.08999999999991815	1
1492.953	0.16000000000008185	1
1493.693	0.06999999999993634	1
1494.6229999999998	0.2699999999999818	1
1494.9920000000002	0.1610000000000582	1
1495.493	0.2789999999999964	1
1495.7720000000002	0.061000000000149164	1
1495.8329999999999	0.02999999999997272	1
1496.3629999999998	0.2999999999999545	1
1527.443	0.17000000000007276	1
1527.6129999999998	0.05999999999994542	1
1527.6729999999998	0.16000000000008185	1
1527.8329999999999	0.45999999999980895	1
1528.3529999999998	0.5	1
1528.902	0.1209999999998672	1
1529.0729999999999	0.2799999999999727	1
1529.3829999999998	0.09999999999990904	1
1529.483	0.11000000000012733	1
1529.5929999999998	0.12999999999988174	1
1529.723	0.25	1
1529.973	0.05899999999996908	1
1530.1529999999998	0.34999999999990905	1
1530.7220000000002	0.1610000000000582	1
